{"$schema":"http://schema.management.azure.com/schemas/2015-01-01/deploymentTemplate.json#","contentVersion":"1.0.0.0","parameters":{"CONN_ADLS_QAPITAL_REALSTATE JuanCamiloCanchalaHernandez":{"type":"string"},"LKH_QAPITAL_REALSTATE":{"type":"string"}},"variables":{},"resources":[{"name":"PL_MASTER_DAILY_BATCH","type":"pipelines","apiVersion":"2018-06-01","properties":{"activities":[{"name":"Execute_NB_01_Bronze_To_Silver","type":"TridentNotebook","dependsOn":[{"activity":"Ingest_ADLS_To_Bronze","dependencyConditions":["Succeeded"]}],"policy":{"timeout":"0.12:00:00","retry":0,"retryIntervalInSeconds":30,"secureOutput":false,"secureInput":false},"typeProperties":{"notebookId":"a29bcc2e-4032-418f-9b36-cbd277f58028","workspaceId":"e3a95bdf-b565-4df0-8d25-d57dc2666142"}},{"name":"Execute_NB_02_Silver_To_Gold","type":"TridentNotebook","dependsOn":[{"activity":"Execute_NB_01_Bronze_To_Silver","dependencyConditions":["Succeeded"]}],"policy":{"timeout":"0.12:00:00","retry":0,"retryIntervalInSeconds":30,"secureOutput":false,"secureInput":false},"typeProperties":{"notebookId":"77110ff6-bf9d-444e-9f12-9b6c488caedc","workspaceId":"e3a95bdf-b565-4df0-8d25-d57dc2666142"}},{"name":"Ingest_ADLS_To_Bronze","type":"Copy","dependsOn":[],"policy":{"timeout":"0.12:00:00","retry":0,"retryIntervalInSeconds":30,"secureOutput":false,"secureInput":false},"typeProperties":{"source":{"type":"DelimitedTextSource","storeSettings":{"type":"AzureBlobFSReadSettings","recursive":true,"enablePartitionDiscovery":false},"formatSettings":{"type":"DelimitedTextReadSettings"},"datasetSettings":{"annotations":[],"type":"DelimitedText","typeProperties":{"location":{"type":"AzureBlobFSLocation","folderPath":"raw_data","fileSystem":"realstate"},"columnDelimiter":",","escapeChar":"\\","firstRowAsHeader":true,"quoteChar":"\""},"schema":[],"externalReferences":{"connection":"[parameters('CONN_ADLS_QAPITAL_REALSTATE JuanCamiloCanchalaHernandez')]"}}},"sink":{"type":"DelimitedTextSink","storeSettings":{"type":"LakehouseWriteSettings","copyBehavior":"PreserveHierarchy"},"formatSettings":{"type":"DelimitedTextWriteSettings","fileExtension":".txt"},"datasetSettings":{"annotations":[],"linkedService":{"name":"LKH_QAPITAL_REALSTATE","properties":{"annotations":[],"type":"Lakehouse","typeProperties":{"workspaceId":"e3a95bdf-b565-4df0-8d25-d57dc2666142","artifactId":"[parameters('LKH_QAPITAL_REALSTATE')]","rootFolder":"Files"}}},"type":"DelimitedText","typeProperties":{"location":{"type":"LakehouseLocation","folderPath":"bronze"},"columnDelimiter":",","escapeChar":"\\","firstRowAsHeader":true,"quoteChar":"\""},"schema":[]}},"enableStaging":false,"translator":{"type":"TabularTranslator","typeConversion":true,"typeConversionSettings":{"allowDataTruncation":true,"treatBooleanAsNumber":false}}}}],"lastModifiedByObjectId":"9a8eef22-9d9f-42d9-bbe6-d3fdf1e806a5","lastPublishTime":"2025-10-04T20:17:19Z"},"dependsOn":[]}]}